id,category,display,kcal,protein_g,carbs_g,fat_g,fiber_g,sodium_mg
9001,Cereais e derivados,Macarrão cozido,158,5.8,30.9,0.9,1.8,1
9002,Cereais e derivados,Macarrão integral cozido,124,5,26,0.6,3.9,2
9003,Cereais e derivados,Nhoque de batata cozido,150,3.5,29,2,1.5,120
9004,Carnes e derivados,Patinho bovino grelhado,219,32,0,9,0,52
9005,Carnes e derivados,Contrafilé bovino grelhado,278,32,0,16,0,50
9006,Carnes e derivados,Tilápia filé grelhada,128,26,0,2.7,0,56
9007,Carnes e derivados,Salmão grelhado,231,25,0,14,0,60
9008,Leite e derivados,Queijo minas frescal,264,17.4,3.2,20,0,30
9009,Leite e derivados,Iogurte natural integral,61,3.8,4.7,3.3,0,46
9010,Ovos e derivados,Omelete simples,154,10.6,1,11.7,0,155
9011,Suplementos,Whey protein concentrado (pó),400,78,8,6,0,150
9012,Suplementos,Whey protein isolado (pó),380,85,4,2,0,120
9013,Suplementos,Albumina (pó),370,85,4,0,0,500
9014,Suplementos,Creatina (pó),0,0,0,0,0,0
9015,Cereais e derivados,Sucrilhos de milho,378,7,84,1,3,760
9016,Cereais e derivados,Granola,471,10,64,20,7,15
9017,Cereais e derivados,Pão de forma sem glúten,265,3.5,52,4,2.5,450
9018,Frutas e derivados,Fruta,58,0.3,15,0.2,2,1
9019,"Verduras, hortaliças e derivados",Salada,13,0.8,2.9,0.1,1.5,4
9020,Cereais e derivados,Pão de hambúrguer,280,9,50,5,2,500
9021,Carnes e derivados,Peixe,128,26,0,2.7,0,56
9022,Carnes e derivados,Atum enlatado,116,25,0,0.8,0,300
9023,Carnes e derivados,Atum grelhado,132,28,0,1.3,0,50
9024,Carnes e derivados,Carne magra,219,32,0,9,0,52
9025,Bebidas (alcoólicas e não alcoólicas),Chá,0,0,0,0,0,0
9026,Leite e derivados,Leite zero lactose,61,2.9,4.7,3.2,0,64
9027,Leite e derivados,Leite de amêndoas,15,0.5,0.6,1.1,0.3,60
9028,Leite e derivados,Leite de aveia,45,0.8,7,1.5,0.8,40
9029,Leite e derivados,Leite de castanha de caju,25,0.6,1.5,1.9,0.3,55
9030,Leite e derivados,Leite de arroz,47,0.3,9.2,1,0.2,40
9031,Leite e derivados,Bebida de soja sem açúcar,33,2.9,0.5,1.8,0.5,45
9032,Leite e derivados,Queijo mussarela sem lactose,300,22,3,22,0,580
9033,Leite e derivados,Queijo minas frescal sem lactose,264,17.4,3.2,20,0,30
9034,Leite e derivados,Requeijão sem lactose,257,9,4,23,0,600
9035,Leite e derivados,Iogurte natural zero lactose,57,4.2,5,2.2,0,50
9036,Leite e derivados,Iogurte grego zero lactose,97,8.5,4.5,5,0,45
9037,Leite e derivados,Manteiga sem lactose,717,0.9,0.1,81,0,11
9038,Leite e derivados,Creme de leite sem lactose,205,2.3,3.6,20,0,40
9039,Leite e derivados,Leite em pó zero lactose,496,25,38,26,0,370
9040,Leite e derivados,Queijo cottage,98,11,3.4,4.3,0,360
9041,Cereais e derivados,Pão francês sem glúten,270,4,54,4,2.5,480
9042,Cereais e derivados,Macarrão sem glúten cozido,145,3,31,0.5,1.5,3
9043,Cereais e derivados,Aveia em flocos sem glúten,394,13.9,66.6,8.5,9.1,5
9044,Cereais e derivados,Farinha de arroz,366,7,80,1.4,2.4,2
9045,Cereais e derivados,Farinha de amêndoas,579,21,20,50,12,1
9046,Cereais e derivados,Biscoito de polvilho,435,2.5,70,16,1,600
9047,Cereais e derivados,Bolo sem glúten,320,5,48,12,2,300
9048,Açúcares e produtos de confeitaria,Chocolate 70% cacau sem açúcar,520,9,32,42,12,20
9049,Açúcares e produtos de confeitaria,Geleia de frutas sem açúcar,110,0.4,26,0.1,1.2,15
9050,Açúcares e produtos de confeitaria,Doce de leite sem açúcar,180,7,20,8,0,180
9051,Açúcares e produtos de confeitaria,Adoçante em pó,0,0,0,0,0,0
9052,Bebidas (alcoólicas e não alcoólicas),Refrigerante zero açúcar,0,0,0,0,0,10
9053,Bebidas (alcoólicas e não alcoólicas),Suco de laranja sem açúcar,45,0.7,10.4,0.2,0.2,1
9054,Cereais e derivados,Pasta de amendoim sem açúcar,588,25,20,50,8,10
9055,Leite e derivados,Queijo vegano de castanha de caju,290,6,10,25,2,600
9056,Leite e derivados,Levedura nutricional em flocos,340,45,20,5,25,50
9057,"Verduras, hortaliças e derivados",Abobrinha (frita),146.36,1.71,9.07,11.98,1.77,
9058,Ovos e derivados,Abobrinha frita (passada no ovo),193.89,3.78,15.69,13.19,1.97,
9059,Produtos açucarados,"Açaí com banana, granola e mel",246.6,3.59,42.0,9.48,11.5,
9060,"Verduras, hortaliças e derivados",Acelga (cozida),20.0,1.89,4.15,0.08,2.1,
9061,Produtos açucarados,Açúcar de confeiteiro,389.0,0.0,99.5,0.1,0.0,
9062,Frutas e derivados,Ades® (sabor laranja),44.0,0.6,10.0,0.2,,
9063,Bebidas (alcoólicas e não alcoólicas),Água tônica diet,0.6,,0.0,0.0,,
9064,"Verduras, hortaliças e derivados",Alcachofra (cozida),50.0,3.49,11.2,0.16,5.4,
9065,"Verduras, hortaliças e derivados",Alcarávia seca,333.0,19.8,49.9,14.6,38.0,
9066,Carnes e derivados,Alcatra (crua),283.24,27.42,0.0,18.42,0.0,
9067,Carnes e derivados,Alcatra sem capa gordura (crua),201.88,30.38,0.0,8.01,0.0,
9068,Temperos,Alecrim seco,331.0,4.88,64.1,15.2,35.3,
9069,"Verduras, hortaliças e derivados",Alface romana,16.0,1.63,2.28,0.2,1.27,
9070,Cereais e derivados,All Bran Kellogg's,233.1,13.32,73.26,3.33,29.97,
9071,Carnes e derivados,Almôndega de carne frita,276.6,21.16,7.39,17.41,0.47,
9072,Carnes e derivados,Almôndega de carne frita com molho,255.96,19.5,7.38,15.96,0.56,
9073,Carnes e derivados,Almôndega de Peru Califórnia,186.0,13.9,0.0,12.7,,
9074,Carnes e derivados,Amaciante de carnes,138.0,10.8,16.9,3.0,,
9075,Frutas e derivados,Ameixa preta seca,239.0,2.62,62.7,0.52,9.25,
9076,Nozes e sementes,Amendocrem,615.0,20.0,23.0,49.0,,
9077,Pescados e frutos do mar,Arenque (cru),158.0,18.0,0.0,9.05,0.0,
9078,Pescados e frutos do mar,Arenque defumado,217.0,24.6,0.0,12.4,0.0,
9079,Leguminosas e derivados,Arroz com lentilha,253.94,10.98,47.6,2.18,4.49,
9080,Produtos açucarados,Arroz doce,169.33,3.9,32.99,2.32,0.4,
9081,Cereais e derivados,Arroz Primavera Knorr,119.0,2.73,24.73,0.7,,
9082,Cereais e derivados,Arroz suíço Knorr,125.3,3.6,23.0,1.73,,
9083,"Verduras, hortaliças e derivados",Aspargo (cru),23.0,2.29,4.55,0.2,2.1,
9084,"Verduras, hortaliças e derivados",Aspargo em conserva,19.0,2.15,2.49,0.65,1.6,
9085,Frutas e derivados,Avocado,176.8,2.08,6.94,17.34,2.72,
9086,Pescados e frutos do mar,Bacalhau seco,290.0,62.8,0.0,2.38,0.0,
9087,Alimentos preparados,Bacalhoada,169.08,11.5,7.79,10.3,1.08,
9088,Carnes e derivados,Bacon Gordura,540.0,0.0,0.0,98.59,0.0,
9089,Carnes e derivados,Baconzitos - Elma Chips,471.0,5.8,62.0,22.0,,
9090,Produtos açucarados,Bala de caramelo chocolate -Nestlé®,400.0,4.0,78.0,10.0,,
9091,Produtos açucarados,Bala de caramelo e coco -Nestlé®,400.0,4.0,78.0,10.0,,
9092,Leite e derivados,Bala de caramelo leite -Nestlé®,400.0,4.0,78.0,10.0,,
9093,Produtos açucarados,Bala Frumelo -Lacta®,422.2,6.67,82.22,8.89,,
9094,Produtos açucarados,Bala Mentex de hortelã -Nestlé®,382.6,,95.65,0.0,,
9095,Produtos açucarados,Bala recheada -Lacta®,375.0,,95.83,0.0,,
9096,Produtos açucarados,Banana Split (Sorvete),264.04,3.9,34.82,13.83,1.2,
9097,Frutas e derivados,Banana à milanesa,184.95,1.21,23.86,10.58,1.7,
9098,Produtos açucarados,Banana caramelada,228.77,0.55,58.87,0.26,1.08,
9099,Frutas e derivados,Banana frita,225.53,0.86,19.4,17.28,,
9100,Leite e derivados,Batata assada com cream cheese e bacon,232.53,2.7,15.55,18.05,1.05,
9101,"Verduras, hortaliças e derivados",Batata frita - Mc Donald's,329.8,4.6,37.6,17.6,1.2,
9102,"Verduras, hortaliças e derivados",Batata Pringles 30% menos gordura,500.0,7.14,67.86,25.0,1.2,
9103,"Verduras, hortaliças e derivados",Pringles sabor cebola,571.4,7.14,53.57,35.71,3.57,
9104,Leite e derivados,Pringles sabor queijo,535.7,7.14,50.0,35.71,3.57,
9105,"Verduras, hortaliças e derivados",Batata palha,181.38,1.5,17.56,12.06,1.14,
9106,Leite e derivados,Bebida láctea fruta,106.0,,18.5,2.3,,
9107,Gorduras e óleos,Margarina Becel,320.0,0.0,0.0,36.0,,
9108,Produtos açucarados,Beijinho,420.0,7.4,44.99,25.22,4.29,
9109,"Verduras, hortaliças e derivados",Beterraba cozida,44.0,1.69,9.97,0.18,1.7,
9110,Carnes e derivados,Bife à milanesa de coxão mole,345.14,17.52,11.0,25.5,0.08,
9111,Alimentos preparados,Big Mac - Mc Donald's,260.4,11.72,19.77,15.07,,
9112,Bebidas (alcoólicas e não alcoólicas),Biscoito Água e Sal,466.0,9.4,68.3,17.2,,
9113,Produtos açucarados,Amandita - Lacta,537.5,62.5,63.75,28.75,,
9114,Produtos açucarados,Biscoito aveia e mel,484.0,7.4,69.3,19.7,,
9115,Cereais e derivados,Biscoito Bono,485.0,5.0,69.8,20.2,,
9116,Cereais e derivados,Biscoito Calipso,489.0,7.5,64.5,22.5,,
9117,Cereais e derivados,Biscoito Carícia,469.0,7.6,69.6,17.8,,
9118,Cereais e derivados,Biscoito Champanhe,387.0,7.0,81.0,3.7,,
9119,Cereais e derivados,Biscoito coco -São Luíz Nestlé,466.0,7.1,72.8,16.3,,
9120,Cereais e derivados,Biscoito cookies,519.0,5.0,65.8,26.2,,
9121,Cereais e derivados,Biscoito de aveia,376.12,7.93,61.59,12.0,3.35,
9122,Cereais e derivados,Biscoito de fécula de batata,451.0,5.31,62.0,20.0,2.76,
9123,Cereais e derivados,Biscoito de milho verde,453.0,8.0,69.9,15.8,2.7,
9124,Cereais e derivados,Biscoito Fofines,505.0,,68.0,23.7,,
9125,Cereais e derivados,Biscoito Grill,455.0,9.4,59.2,20.0,,
9126,Leite e derivados,Biscoito de leite,474.0,8.0,68.9,18.5,,
9127,Cereais e derivados,Biscoito Passatempo,464.0,8.7,70.9,16.2,,
9128,Cereais e derivados,Biscoito de maizena -São Luíz Nestlé®,444.0,7.7,75.7,12.3,,
9129,Bebidas (alcoólicas e não alcoólicas),Bolacha Maria,444.0,8.2,75.9,12.0,,
9130,Bebidas (alcoólicas e não alcoólicas),Bolacha Negresco,486.0,5.4,71.9,19.6,,
9131,Cereais e derivados,Bisnaguinha,316.0,9.04,58.6,5.06,2.64,
9132,Cereais e derivados,Bisnaguinha light,218.2,8.84,45.07,0.28,8.16,
9133,Leite e derivados,Bolinha de queijo,273.23,7.79,32.96,12.04,1.43,
9134,Miscelâneas,Bolinrosa Moça Fiesta Nestlé,270.03,6.11,42.39,8.31,1.39,
9135,Produtos açucarados,Bolo branco simples,317.82,5.94,55.21,8.36,1.39,
9136,Produtos açucarados,Bolo de abacaxi,372.0,6.35,61.7,11.1,1.2,
9137,Produtos açucarados,Bolo de baunilha,392.3,9.61,32.26,23.2,1.2,
9138,Produtos açucarados,Bolo de cenoura com cobertura de chocolate,372.65,4.12,50.51,17.83,1.7,
9139,Produtos açucarados,Bolo de festa,320.14,5.0,53.65,10.12,0.7,
9140,Produtos açucarados,Bolo de Fubá,321.0,5.0,41.0,15.6,1.8,
9141,Produtos açucarados,Bolo de laranja,372.0,6.35,61.0,11.0,1.0,
9142,Produtos açucarados,Bolo de maçã e canela,350.8,5.85,48.92,16.0,,
9143,Produtos açucarados,Bombom Amandita,535.7,5.36,64.28,28.57,0.5,
9144,Produtos açucarados,Bombom Bowling,534.9,8.37,59.53,29.3,0.46,
9145,Produtos açucarados,Bombom Chockito,442.0,5.0,73.7,14.1,0.5,
9146,Produtos açucarados,Bombom Chomp,523.0,7.64,57.64,28.82,0.5,
9147,Produtos açucarados,Bombom,530.0,8.0,62.0,28.0,0.5,
9148,Produtos açucarados,Bombom Hawaí,436.0,4.3,74.3,13.5,,
9149,Produtos açucarados,Bombom Lord,440.0,4.0,74.0,14.0,,
9150,Produtos açucarados,Bombom Ouro Branco,530.2,8.84,59.07,28.84,0.46,
9151,Produtos açucarados,Bombom Sedução,550.0,6.0,55.5,33.5,0.5,
9152,Produtos açucarados,Bombom Sonho de Valsa,534.9,6.98,61.86,28.84,0.46,
9153,Miscelâneas,Brigadeirão,298.77,6.3,35.03,15.95,0.66,
9154,Produtos açucarados,Brigadeiro,362.5,7.1,55.91,13.77,0.95,
9155,Produtos açucarados,Brigadeiro Moça,336.0,7.8,52.6,10.5,,
9156,Carnes e derivados,Buchada de bode,129.07,9.79,4.85,7.66,0.33,
9157,Miscelâneas,Cacau em pó,406.0,25.0,51.7,11.0,21.7,
9158,Alimentos preparados,Cachorro quente,301.83,7.46,20.57,21.63,1.49,
9159,Bebidas (alcoólicas e não alcoólicas),Caipirinha,218.15,0.33,26.93,0.09,0.83,
9160,Frutas e derivados,Cajuzinho,364.0,9.7,47.6,15.0,,
9161,Produtos açucarados,Calda doce,309.0,,53.0,8.0,,
9162,Carnes e derivados,Caldo de bacon,282.0,7.8,18.0,20.0,,
9163,Pescados e frutos do mar,Camarão frito com casca,184.0,8.8,0.0,11.74,0.0,
9164,Pescados e frutos do mar,Camarão na moranga,50.64,4.5,4.42,1.81,0.61,
9165,Temperos,Canela em pó,261.0,3.89,79.8,3.19,54.3,
9166,Produtos açucarados,Canelone à bolonhesa,168.0,8.2,11.2,10.0,,
9167,Cereais e derivados,Canjica,105.18,2.72,18.84,2.22,1.06,
9168,Carnes e derivados,Capelete (Carne ou Frango),282.0,11.4,52.0,2.8,1.0,
9169,"Verduras, hortaliças e derivados",Caranguejo (cru),87.0,18.0,0.0,1.05,,
9170,Carnes e derivados,Carne moída,293.0,24.09,0.86,20.8,0.13,
9171,Carnes e derivados,Carpaccio de carne,287.35,25.33,0.79,19.77,0.08,
9172,Pescados e frutos do mar,Casquinha de siri,168.39,10.0,2.18,13.45,0.46,
9173,Nozes e sementes,Castanha do Pará,656.0,14.3,12.8,66.2,5.93,
9174,Nozes e sementes,Castanha portuguesa,194.0,2.9,42.0,1.5,1.1,
9175,Leite e derivados,Catupiry,263.9,11.37,2.2,23.29,,
9176,Pescados e frutos do mar,Caviar,252.0,24.6,4.01,17.9,0.0,
9177,Outros alimentos industrializados,Cebolinha Elma Chips,436.0,7.3,76.7,11.2,,
9178,Cereais e derivados,Cereal infantil arroz com amido de milho,384.0,7.5,85.6,1.3,,
9179,Cereais e derivados,Cereal infantil três cereais (Neston),421.0,16.9,67.6,9.2,,
9180,Frutas e derivados,Cereja fresca,72.0,1.21,16.6,0.96,1.7,
9181,Bebidas (alcoólicas e não alcoólicas),Chá Lipton Ice Tea,35.0,0.1,8.7,0.0,,
9182,Bebidas (alcoólicas e não alcoólicas),Chá de pêssego,36.5,,9.06,0.01,,
9183,Produtos açucarados,Champignon (cogumelo paris),25.0,2.1,4.66,0.42,1.3,
9184,Produtos açucarados,Champignon em conserva (cogumelo,24.0,1.88,4.97,0.29,2.6,
9185,Leite e derivados,Chamyto,75.0,1.75,16.6,0.12,,
9186,Miscelâneas,Chandelle,145.0,3.9,21.1,4.0,,
9187,Leite e derivados,Chantili,369.36,1.83,10.5,36.5,0.0,
9188,Outros alimentos industrializados,Cheetos - Elma Chips,497.0,6.6,68.2,22.0,,
9189,Alimentos preparados,Cheseburguer Mc Donald's,267.2,12.93,26.96,11.9,,
9190,Produtos açucarados,Chocolate Amaro,537.0,4.3,63.0,29.75,1.0,
9191,Produtos açucarados,Chocolate Bis,506.5,8.24,63.65,23.99,,
9192,Produtos açucarados,Chocolate Charge,539.0,8.7,58.2,30.2,,
9193,Produtos açucarados,Chocolate Chockito,440.6,5.0,73.75,14.06,,
9194,Produtos açucarados,Chocolate Crunch,530.0,6.7,58.9,27.8,,
9195,Produtos açucarados,Chocolate Diamante Negro,520.0,7.0,62.67,27.0,0.33,
9196,Produtos açucarados,Chocolate Diplomata,544.0,8.1,58.5,30.7,,
9197,Produtos açucarados,Chocolate em pó (Nestlé ou Garoto),349.0,9.3,60.0,8.0,,
9198,Produtos açucarados,Chocolate Galak,562.0,10.6,50.8,35.1,,
9199,Produtos açucarados,Chocolate Kit Kat,500.0,7.71,59.58,25.63,,
9200,Produtos açucarados,Chocolate Krot,563.3,13.33,47.0,35.67,0.66,
9201,Produtos açucarados,Chocolate Laka,550.0,9.67,55.0,32.33,0.5,
9202,Produtos açucarados,Chocolate Lancy,533.0,8.0,60.0,29.0,0.66,
9203,Produtos açucarados,Chocolate Lococo,455.2,3.45,67.59,19.31,,
9204,Produtos açucarados,Chocolate M&M's,70.98,4.17,20.87,8.35,2.08,
9205,Produtos açucarados,Chocolate Magic,540.0,7.0,56.0,32.0,,
9206,Produtos açucarados,Chocolate Milkybar,464.0,2.8,73.2,18.0,,
9207,Produtos açucarados,Chocolate Nescau,545.0,7.25,57.5,31.75,,
9208,Produtos açucarados,Nescau Ball de Chocolate,483.0,5.33,66.6,21.66,,
9209,Produtos açucarados,Chocolate Noblesse,560.0,,54.0,35.0,,
9210,Produtos açucarados,Chocolate Prestígio,434.0,3.7,73.7,13.7,,
9211,Produtos açucarados,Chocolate Sensação,490.9,,69.09,21.81,,
9212,Produtos açucarados,Chocolate Smarties,462.0,3.71,76.2,15.71,,
9213,Produtos açucarados,Chocolate Smash,426.0,5.2,78.7,10.2,,
9214,Produtos açucarados,Chocolate,550.0,7.0,55.0,30.0,,
9215,Produtos açucarados,Chocotone Bauducco,401.0,7.0,55.0,17.0,,
9216,Produtos açucarados,Sucrilhos Kellogg's Chocolate,450.0,7.0,66.0,18.0,3.0,
9217,Carnes e derivados,Chuleta com osso (crua),298.42,25.04,0.0,21.0,0.0,
9218,Bebidas (alcoólicas e não alcoólicas),Cidra,40.0,0.6,10.0,0.1,1.4,
9219,Gorduras e óleos,Creme Vegetal,545.0,,0.0,60.0,,
9220,Bebidas (alcoólicas e não alcoólicas),Coca-Cola Light,0.4,,0.0,0.0,,
9221,Frutas e derivados,Coco fresco,354.0,3.34,15.2,33.5,9.4,
9222,Frutas e derivados,Coco fresco ralado,354.0,3.34,15.2,33.5,9.4,
9223,Frutas e derivados,Coco seco ralado,501.0,2.89,47.7,35.5,4.71,
9224,Carnes e derivados,Coelho (cozido),173.0,33.0,0.0,3.52,0.0,
9225,Carnes e derivados,Coelho (cru),151.78,20.8,0.0,7.62,,
9226,Carnes e derivados,Coelho assado,197.0,29.1,0.0,8.06,0.0,
9227,Carnes e derivados,Coelho com molho,126.69,14.42,3.01,6.17,0.61,
9228,Produtos açucarados,Cogumelo seco shitake,296.0,9.59,75.4,0.99,11.5,
9229,Produtos açucarados,Colomba pascal Bauducco,372.0,6.9,54.0,14.2,,
9230,Temperos,Colorau,334.0,6.6,78.2,4.6,14.5,
9231,Temperos,Cominho em pó,375.0,17.8,44.2,22.3,10.5,
9232,Miscelâneas,Conhaque,231.0,0.0,0.0,0.0,0.0,
9233,Cereais e derivados,Corn Flakes - Kellogg's,360.0,7.0,84.0,0.0,3.0,
9234,"Verduras, hortaliças e derivados",Couve Flor,25.0,2.0,5.0,0.2,2.0,
9235,Carnes e derivados,Coxa de perú cozidq,105.5,20.7,0.0,1.68,,
9236,Temperos,Cravo,323.0,5.98,61.2,20.0,34.2,
9237,Leite e derivados,Cream cheese,250.0,6.0,2.0,24.0,,
9238,Leite e derivados,Cream Cheese light,190.0,8.5,2.5,16.0,,
9239,Produtos açucarados,Pudim de Baunilha Royal,113.1,2.94,20.98,2.48,,
9240,Produtos açucarados,Pudim Royal,113.1,2.94,20.98,2.48,,
9241,Miscelâneas,Croissant,406.0,8.2,45.8,21.0,2.12,
9242,Miscelâneas,Crunchy Nut - Kellogg's,366.6,6.66,83.32,3.33,3.33,
9243,Temperos,Cúrcuma,354.0,7.83,64.9,9.88,21.1,
9244,Temperos,Curry,325.0,12.7,58.2,13.8,33.2,
9245,Produtos açucarados,Dadinho Doce,418.0,7.4,70.5,14.1,1.0,
9246,Miscelâneas,Damasco,48.0,1.41,11.1,0.39,7.3,
9247,Miscelâneas,Damasco seco,238.0,3.66,61.0,0.8,7.8,
9248,Leite e derivados,Danette de chocolate - Danone,167.0,4.3,23.2,0.56,,
9249,Miscelâneas,Dextrosol,399.0,,99.0,0.0,,
9250,Frutas e derivados,Shake Diet de morango,363.8,16.13,68.37,2.87,3.0,
9251,Nozes e sementes,Doce de amendoim em barra,418.0,7.4,70.5,14.1,1.0,
9252,Produtos açucarados,Doce de frutas cristalizadas,306.0,0.7,78.9,0.1,1.1,
9253,Outros alimentos industrializados,Doritos,460.0,7.7,61.3,20.4,,
9254,Alimentos preparados,Empadão,189.16,4.55,24.13,8.73,1.86,
9255,Pescados e frutos do mar,Empadinha de camarão,175.19,10.49,15.49,7.76,1.3,
9256,Miscelâneas,Empada,235.0,6.12,26.0,11.0,2.24,
9257,Miscelâneas,Endívia,16.0,1.0,3.0,0.0,,
9258,Temperos,Endro Dill,43.0,3.46,7.03,1.12,3.0,
9259,Temperos,Endro Dill seco,253.0,20.0,55.8,4.36,23.8,
9260,Produtos açucarados,Erva doce seca,350.0,20.0,50.0,15.0,,
9261,Leguminosas e derivados,Ervilha em conserva,110.0,6.5,21.0,1.0,,
9262,Leguminosas e derivados,Ervilha seca,343.0,22.5,61.0,2.0,4.7,
9263,Leguminosas e derivados,Ervilha torta,18.0,9.3,20.3,0.4,3.8,
9264,Miscelâneas,Escarola,17.0,1.26,3.36,0.2,2.07,
9265,Miscelâneas,Escarola refogada,224.4,2.49,9.86,20.49,3.84,
9266,Carnes e derivados,Esfiha de carne,286.63,12.25,38.99,8.84,2.87,
9267,Alimentos preparados,Esfirra (Esfiha),302.14,12.56,25.26,0.0,2.61,
9268,Cereais e derivados,Espaguete massa de sêmola,357.0,11.6,75.0,1.2,,
9269,Carnes e derivados,Espetinho de carne com cebola,206.49,19.5,1.94,12.96,0.5,
9270,"Verduras, hortaliças e derivados",Espinafre (cozido),23.0,2.98,3.76,0.26,2.3,
9271,Temperos,Estragão,295.0,22.8,50.2,7.24,7.4,
9272,Carnes e derivados,Strogonoff de filé mignon,214.09,16.5,2.99,14.78,0.39,
9273,Frutas e derivados,Estrudel de maçã,274.0,3.3,41.1,11.2,,
9274,Outros alimentos industrializados,Fandangos,459.0,6.4,75.5,14.6,,
9275,Frutas e derivados,Fanta Laranja,54.0,,14.5,0.0,,
9276,Frutas e derivados,Fanta Laranja Diet,0.4,,0.0,0.0,,
9277,Cereais e derivados,Farelo de aveia,216.0,16.0,46.0,7.0,12.0,
9278,Cereais e derivados,Farelo de trigo,216.0,15.6,64.5,4.26,41.9,
9279,Cereais e derivados,Farinha de aveia,390.0,12.0,60.0,10.0,10.0,
9281,Cereais e derivados,Farinha de semolina,360.0,12.7,72.8,1.06,3.9,
9282,Miscelâneas,Farofa,386.0,0.22,78.0,9.56,0.62,
9283,"Verduras, hortaliças e derivados",Fécula de batata,329.0,0.1,82.0,0.0,,
9284,Leguminosas e derivados,Feijão branco enlatado,89.0,5.8,15.2,0.6,4.7,
9285,Leguminosas e derivados,Feijão verde,51.1,0.39,1.57,5.03,0.7,
9286,Temperos,Feno grego,323.0,23.0,58.3,6.41,20.3,
9287,Carnes e derivados,Fígado bovino (cozido),211.4,25.79,8.16,7.71,0.04,
9288,Produtos açucarados,Flan baunilha,92.8,3.214,14.85,2.71,,
9289,Produtos açucarados,Flan com calda,179.0,,39.1,1.6,,
9290,Produtos açucarados,Flan Diet,68.0,,7.52,2.88,,
9291,Frutas e derivados,Framboesa fresca,49.0,0.91,11.6,0.55,3.97,
9292,Carnes e derivados,Frango à passarinho,250.0,31.0,0.69,12.1,0.13,
9293,Carnes e derivados,Frango com quiabo,169.03,15.03,13.16,3.54,2.63,
9294,Leite e derivados,Frozen Iogurte,159.0,4.0,24.2,5.6,,
9295,Miscelâneas,Fubá,362.0,8.13,76.9,3.6,7.3,
9296,Miscelâneas,Funghi,354.0,30.8,49.09,3.84,16.1,
9297,Miscelâneas,Galinha à cabidela (molho pardo),178.11,22.85,1.42,8.47,0.31,
9298,Miscelâneas,Gatorade,22.8,,6.0,0.0,,
9299,Produtos açucarados,Gelatina,61.6,2.0,13.0,0.4,,
9300,Produtos açucarados,Gelatina diet,8.8,1.52,0.56,0.0,,
9301,Produtos açucarados,Gelatina em pó sem sabor,333.3,84.0,0.0,0.0,,
9302,Produtos açucarados,Geléia de fruta,272.0,0.6,70.0,0.1,,
9303,Produtos açucarados,Geléia de fruta Light,44.0,,10.5,0.0,,
9304,Bebidas (alcoólicas e não alcoólicas),Suco Tang,22.0,,5.5,0.0,,
9305,Ovos e derivados,Gemada com leite,113.12,4.8,8.84,6.53,0.0,
9306,Ovos e derivados,Gemada sem leite,368.5,10.59,38.0,19.5,0.0,
9307,Temperos,Gengibre,70.83,1.67,15.0,0.83,2.08,
9308,Temperos,Gengibre em pó,347.0,9.12,70.8,5.95,12.5,
9309,Cereais e derivados,Glucose de milho,286.0,0.0,73.8,0.0,,
9310,Frutas e derivados,Goiaba,51.0,0.82,11.9,0.6,5.4,
9311,Miscelâneas,Grapefruit (Toranja),33.0,0.69,8.42,0.1,,
9312,Miscelâneas,Groselha,56.0,1.41,13.8,0.2,4.3,
9313,Miscelâneas,Guabiroba,64.0,1.6,13.9,1.0,0.8,
9314,Bebidas (alcoólicas e não alcoólicas),Guaraná Diet,0.43,,0.0,0.0,,
9315,Pescados e frutos do mar,Peixe Haddock (cru),87.0,18.9,0.0,0.72,0.0,
9316,Alimentos preparados,Burguer Mc Donald's,254.9,12.06,30.0,9.31,,
9317,Carnes e derivados,Hambúrguer de frango congelado,234.0,15.0,3.0,18.0,,
9318,Carnes e derivados,Hambúrguer de frango light congelado,144.0,17.0,0.0,3.9,,
9319,Carnes e derivados,Hambúrguer de peru congelado,148.0,17.7,0.0,8.4,,
9320,Temperos,Hortelã,43.0,3.8,5.3,0.7,,
9321,Miscelâneas,lngá,60.0,1.0,15.5,0.1,1.2,
9322,Miscelâneas,lnhame,118.0,1.54,27.9,0.17,4.1,
9323,Leite e derivados,Iogurte com mel,82.2,2.6,14.99,1.24,,
9324,Leite e derivados,Iogurte de fruta,97.7,3.0,18.9,1.12,,
9325,Leite e derivados,Iogurte de fruta diet ou light,30.6,3.0,4.17,0.1,,
9326,Miscelâneas,Kani (sushi),80.0,10.5,0.0,0.3,,
9327,Ovos e derivados,Kinder Ovo,568.0,7.0,54.6,35.8,,
9328,Miscelâneas,Lagosta (crua),90.0,18.8,0.5,0.9,0.0,
9329,Frutas e derivados,Laranjada,35.66,0.47,8.38,0.14,0.14,
9330,Leite e derivados,Leite de soja,33.0,2.76,1.8,1.92,1.31,
9331,Leite e derivados,Leite em pó (Nestogeno),464.0,16.6,57.5,18.6,0.9,
9332,Leite e derivados,Leite em pó modilicado (NAN),509.0,11.4,57.9,25.8,,
9333,Leite e derivados,Leite desnatado,36.94,3.18,4.9,0.5,0.1,
9334,Leite e derivados,Leite integral,60.4,3.1,4.8,3.2,,
9335,Leite e derivados,Leite sem lactose,60.4,3.1,4.8,3.2,,
9336,Leite e derivados,Leite semidesnatado,40.6,3.1,4.8,1.0,,
9337,Leite e derivados,Leite Materno,69.6,1.04,6.9,4.39,0.0,
9338,Leguminosas e derivados,Lentilha enlatada,84.0,5.4,10.9,1.4,4.2,
9339,Leguminosas e derivados,Lentilha seca,338.0,28.1,57.1,0.96,13.1,
9340,Bebidas (alcoólicas e não alcoólicas),Licor,342.0,,25.4,0.0,,
9341,Bebidas (alcoólicas e não alcoólicas),Suco de limão,5.0,0.08,1.73,0.01,0.08,
9342,Pescados e frutos do mar,Linguado,117.0,24.2,0.0,1.54,0.0,
9343,Pescados e frutos do mar,Linguado (cru),91.0,18.8,0.0,1.2,0.0,
9344,Pescados e frutos do mar,Lula,138.0,18.81,3.75,4.7,0.0,
9345,Pescados e frutos do mar,Lula (crua),91.78,15.53,3.06,1.41,0.0,
9346,Frutas e derivados,Maçã,59.0,0.19,15.3,0.36,1.97,
9347,Nozes e sementes,Macadâmia,702.0,8.31,13.7,73.7,5.31,
9348,Produtos açucarados,Macarrão à bolonhesa,126.12,1.0,22.11,1.67,,
9349,Cereais e derivados,Macarrão ao sugo,85.23,2.65,15.65,1.45,1.29,
9350,Cereais e derivados,Macarrão carbonara -Maggi®,150.7,5.65,26.31,2.54,,
9351,Cereais e derivados,Macarrão,141.0,4.78,28.3,0.67,1.5,
9352,Temperos,Macis em pó,475.0,6.71,50.5,32.4,20.2,
9353,Miscelâneas,Maizena,354.0,0.3,88.2,0.0,,
9354,Miscelâneas,Malto Dextrina,379.0,15.0,23.7,0.0,,
9355,Miscelâneas,Mandioquinha,104.0,0.8,24.9,0.2,0.6,
9356,Frutas e derivados,Manga,65.0,0.51,17.0,0.27,2.77,
9357,Frutas e derivados,Mangaba,43.0,0.7,10.5,0.3,0.8,
9358,Temperos,Manjericão seco,251.0,14.4,61.0,3.98,17.7,
9359,Temperos,Manjerona seca,271.0,12.7,60.0,7.0,18.1,
9360,Miscelâneas,Manjuba (crua),99.0,18.5,0.0,2.2,,
9361,Produtos açucarados,Marmelo,63.0,0.6,16.3,0.3,2.2,
9362,Miscelâneas,Marrom glacê,249.0,0.5,64.1,0.1,0.9,
9363,Alimentos preparados,Mc Chicken (Mc Donald's),257.8,10.1,20.95,15.05,,
9364,Alimentos preparados,Me Fish (Mc Donald's),309.8,9.718,26.69,18.38,,
9365,Pescados e frutos do mar,Merluza (cozida),108.8,23.64,0.0,0.9,0.0,
9366,Pescados e frutos do mar,Mexilhão (cru),86.0,11.9,3.7,2.25,0.0,
9367,Cereais e derivados,Milho para canjica,371.0,8.8,79.6,1.2,,
9368,Cereais e derivados,Milho para pipoca,444.0,9.9,69.4,14.5,,
9369,Miscelâneas,Milkshake,128.3,3.62,20.59,3.49,,
9370,Cereais e derivados,Mingau de aveia,95.08,3.82,12.8,3.31,0.55,
9371,Miscelâneas,Missô,206.0,1.8,28.0,6.08,5.41,
9372,Miscelâneas,Misto quente,288.9,13.02,21.0,17.0,0.84,
9373,Produtos açucarados,Molho à bolonhesa,86.79,6.89,5.8,4.31,,
9374,Miscelâneas,Molho barbecue,156.0,0.9,37.8,1.6,,
9375,Miscelâneas,Molho branco,128.0,3.4,8.0,9.2,0.17,
9376,Outros alimentos industrializados,Shoyu (Sakura),53.3,6.67,0.0,0.0,,
9377,"Verduras, hortaliças e derivados",Molho de tomate,35.0,1.0,7.7,1.0,,
9378,Outros alimentos industrializados,Molho inglês,38.0,1.3,9.6,0.2,2.53,
9379,Miscelâneas,Molho madeira,83.67,0.94,4.89,6.17,0.19,
9380,Outros alimentos industrializados,Mostarda,233.0,1.66,27.3,12.0,,
9381,Miscelâneas,Mucilon,380.0,6.6,87.0,0.6,2.6,
9382,Miscelâneas,Mungunzá,100.0,2.2,19.6,1.7,0.2,
9383,Miscelâneas,Müsli,375.0,10.0,77.5,5.0,7.5,
9384,Produtos açucarados,Musse de chocolate,377.31,8.04,33.81,25.39,7.56,
9385,"Verduras, hortaliças e derivados",Nabo (cozido),18.0,0.71,4.91,0.08,2.0,
9386,Miscelâneas,Nectarina,49.0,0.94,11.8,0.46,1.57,
9387,Nozes e sementes,Noz moscada,525.0,5.84,49.3,36.3,20.8,
9388,Alimentos preparados,Nuggets,257.0,16.8,14.6,14.4,,
9389,Cereais e derivados,Barra de Cereal (Nutry),360.0,4.4,76.4,4.8,0.4,
9390,Temperos,Orégano fresco,66.0,2.2,9.7,2.0,,
9391,Temperos,Orégano seco,306.0,11.0,64.4,10.0,15.0,
9392,Pescados e frutos do mar,Ostra (cozida),137.0,14.1,7.8,4.92,0.0,
9393,Pescados e frutos do mar,Ostra (crua),68.0,7.06,3.92,2.47,0.0,
9394,Miscelâneas,Nesquik,393.0,1.7,96.4,0.1,,
9395,Miscelâneas,Neston,390.0,6.1,89.6,0.6,,
9396,Ovos e derivados,Ovomaltine,391.8,12.1,77.3,3.8,,
9397,Produtos açucarados,Panetone,360.0,8.0,55.0,12.0,,
9398,Produtos açucarados,Chocotone,423.5,8.6,54.42,19.05,,
9399,Carnes e derivados,Panqueca de carne moída,162.77,8.54,14.65,7.67,0.91,
9400,Cereais e derivados,Pão caseiro,392.13,9.65,69.73,7.62,3.15,
9401,Cereais e derivados,Pão de batata,241.35,1.0,36.57,7.59,6.79,
9402,Cereais e derivados,Pão de centeio,357.36,10.29,64.71,6.24,5.79,
9403,Produtos açucarados,Pão de mel,250.0,4.83,53.0,2.3,1.29,
9404,Cereais e derivados,Pão de cachorro quente (hot dog),180.0,4.78,33.18,3.19,,
9405,Miscelâneas,Papinha (comida de bebê),76.0,,8.27,2.8,,
9406,Temperos,Páprica,289.0,14.8,55.7,13.0,20.9,
9407,Miscelâneas,Patê,253.0,9.0,2.5,23.0,0.2,
9408,Carnes e derivados,Pato (cru),135.81,7.66,0.0,11.45,0.0,
9409,Carnes e derivados,Pato assado,337.0,19.0,0.0,28.4,0.0,
9410,Miscelâneas,Pé de moleque,450.0,6.15,72.0,17.0,1.47,
9411,Carnes e derivados,Peito de peru defumado,93.1,21.7,0.0,0.61,,
9412,Pescados e frutos do mar,Peixe espada (cozido),179.45,23.85,0.0,8.66,0.0,
9413,Pescados e frutos do mar,Peixe espada (cru),121.0,19.8,0.0,4.02,0.0,
9414,Frutas e derivados,Pêra,59.0,0.39,15.1,0.4,2.4,
9415,Miscelâneas,Pernil de cordeiro assado,191.0,28.3,0.0,7.75,0.0,
9416,Miscelâneas,Picles,14.0,0.7,3.1,0.2,0.4,
9417,Miscelâneas,Pinga,231.0,,0.0,0.0,,
9418,Miscelâneas,Pingo D'ouro,497.0,8.5,6.0,24.0,,
9419,Produtos açucarados,Pipoca doce,383.0,6.1,85.4,3.5,,
9420,Nozes e sementes,Pistache,577.0,20.6,24.8,48.4,10.8,
9421,Alimentos preparados,Pizza de calabresa,189.4,5.97,25.64,7.1,2.11,
9422,Leite e derivados,Pizza de catupiry,191.25,5.97,26.74,6.91,2.12,
9423,Leite e derivados,Pizza de mussarela,191.7,8.72,17.43,9.85,1.46,
9424,Cereais e derivados,Polenta frita,89.39,0.99,10.96,4.84,1.91,
9425,Pescados e frutos do mar,Polvo (cru),82.0,14.9,2.21,1.05,0.0,
9426,Leguminosas e derivados,Proteína texturizada de soja,342.8,52.4,30.51,1.24,,
9427,Produtos açucarados,Pudim (Royal),112.0,3.33,20.0,2.6,,
9428,Produtos açucarados,Pudim Diet (Royal),76.1,3.8,8.92,3.0,,
9429,Produtos açucarados,Pudim de claras,195.49,5.95,43.77,0.0,0.03,
9430,Alimentos preparados,Quarteirão (Mc Donald's),268.0,14.69,18.09,15.05,,
9431,Miscelâneas,Queijadinha,344.21,10.66,48.4,12.6,1.17,
9432,Leite e derivados,"Queijo ""petit suisse"" (Danoninho)",160.0,6.7,17.2,7.2,,
9433,Leite e derivados,Queijo Polenguinho,359.0,13.0,2.04,32.0,,
9434,Leite e derivados,Queijo brie,334.0,20.8,0.45,27.7,0.0,
9435,Leite e derivados,Queijo camembert,300.0,19.8,0.46,24.3,0.0,
9436,Leite e derivados,Queijo cheddar,403.0,24.9,1.29,33.1,0.0,
9437,Leite e derivados,Queijo gouda,356.0,24.9,2.23,27.4,0.0,
9438,Leite e derivados,Queijo gruyere,413.0,29.8,0.36,32.3,0.0,
9439,Leite e derivados,Queijo port salut,352.0,23.8,0.57,28.2,0.0,
9440,Leite e derivados,Queijo Roquefort,369.0,21.5,2.01,30.6,0.0,
9441,Leite e derivados,Queijo emmental,309.0,20.5,0.0,22.5,,
9442,Ovos e derivados,Queijo provolone,309.0,20.5,0.0,22.5,,
9443,Leite e derivados,Queijo suíço,376.0,28.4,3.39,27.5,0.0,
9444,Miscelâneas,Quentão,294.53,1.39,33.66,0.92,2.74,
9445,"Verduras, hortaliças e derivados",Quiabo (cozido),32.0,1.88,7.22,0.17,2.5,
9446,Miscelâneas,Rã (cozida),105.8,23.77,0.0,0.44,0.0,
9447,Miscelâneas,Rã (crua),73.62,16.54,0.0,0.3,,
9448,Carnes e derivados,Ravioli de carne,282.0,3.1,51.1,12.3,,
9449,"Verduras, hortaliças e derivados",Repolho (cozido),22.0,1.03,4.47,0.43,2.8,
9450,Leite e derivados,Requeijão Light,188.0,13.0,2.5,14.0,,
9451,Carnes e derivados,Risoto de frango,178.41,10.5,26.17,3.16,1.33,
9452,Carnes e derivados,Rissólis de carne,415.56,9.67,39.0,24.34,1.77,
9453,Produtos açucarados,Rocambole doce,368.0,7.0,60.65,10.11,,
9454,Miscelâneas,Ruffles,530.0,6.5,50.6,33.5,,
9455,Produtos açucarados,Sagu (cru),352.0,0.6,86.4,0.2,0.1,
9456,Produtos açucarados,Sagu com vinho tinto,146.67,0.16,31.03,0.04,0.12,
9457,Temperos,Sal,0.0,0.0,0.0,0.0,0.0,
9458,Alimentos preparados,Salada de frutas,52.51,0.7,13.2,0.3,1.5,
9459,"Verduras, hortaliças e derivados",Salsão,16.0,0.75,3.66,0.14,1.5,
9460,Carnes e derivados,Salsicha,320.0,11.3,2.56,27.24,0.0,
9461,Temperos,Salsinha,36.0,2.98,6.34,0.79,4.1,
9462,Temperos,Salsinha seca,276.0,22.4,51.0,4.4,33.0,
9463,Temperos,Sálvia fresca,119.0,3.9,15.6,4.6,,
9464,Temperos,Sálvia seca,315.0,10.6,60.7,12.7,18.0,
9465,Alimentos preparados,Sanduíche,239.96,9.69,17.13,15.21,1.28,
9466,Pescados e frutos do mar,Sardinha enlatada com molho de tomate,178.0,16.4,0.6,12.0,0.6,
9467,Pescados e frutos do mar,Sashimi de salmão,116.0,19.9,0.0,3.46,0.0,
9468,Nozes e sementes,Semente de abóbora,446.0,18.6,53.8,19.4,35.9,
9469,Nozes e sementes,Semente de girassol,570.0,22.8,18.8,49.6,6.05,
9470,Leguminosas e derivados,Soja (cozida),173.0,16.6,9.93,8.98,6.27,
9471,Leguminosas e derivados,Soja (crua),416.0,36.5,30.2,19.9,16.5,
9472,Miscelâneas,Sopa ou Creme de leguems,23.3,0.9,4.01,0.41,,
9473,Carnes e derivados,"Sopa de carne, macarrão e legumes",34.6,1.2,6.92,0.23,,
9474,"Verduras, hortaliças e derivados",Sopa de cebola,24.0,0.75,3.8,0.6,,
9475,Leguminosas e derivados,Sopa de feijão com macarrão,37.31,0.19,4.87,1.39,1.51,
9476,Miscelâneas,Canja de galinha,23.9,0.68,4.53,0.34,,
9477,Produtos açucarados,Sorvete de casquinha chocolate,307.3,5.14,35.0,16.3,,
9478,Produtos açucarados,Sorvete,200.0,3.0,30.0,7.5,0.0,
9479,Miscelâneas,Picolé cremoso com recheio ou cobertura,346.4,3.3,29.8,19.4,,
9480,Miscelâneas,Picolé cremoso simples,165.3,2.0,28.9,4.1,,
9481,Miscelâneas,Picole de fruta,116.4,0.2,28.9,0.7,,
9482,Miscelâneas,Stiksy,383.0,,80.7,1.7,,
9483,Bebidas (alcoólicas e não alcoólicas),Suco de tomate,21.8,0.8,4.58,0.11,,
9485,Leite e derivados,Suflê de queijo,179.09,9.42,5.34,13.27,0.09,
9486,Produtos açucarados,Sundae calda de caramelo-Me,195.4,,33.56,5.23,,
9487,Pescados e frutos do mar,Sushi de atum,133.17,6.14,23.75,1.05,0.49,
9488,Pescados e frutos do mar,Sushi de salmão,128.52,5.57,23.75,0.81,0.49,
9489,Miscelâneas,Suspiro,257.72,4.17,61.88,0.03,0.19,
9490,Miscelâneas,Sustagem,390.0,23.5,65.0,3.5,,
9491,Miscelâneas,Tic Tac,408.0,,102.0,0.0,,
9492,Miscelâneas,Toddynho,100.0,3.0,15.0,2.5,,
9493,Cereais e derivados,Tomilho fresco,95.0,3.0,15.1,2.5,,
9494,Produtos açucarados,Trufa de chocolate,468.49,8.0,51.0,26.0,2.39,
9495,Miscelâneas,Truta (cozida),150.0,22.9,0.0,5.83,0.0,
9496,Miscelâneas,Truta (crua),150.3,22.95,0.0,5.84,0.0,
9497,Miscelâneas,Tubaína,31.0,,8.0,0.0,,
9498,Miscelâneas,Tutu à mineira,213.32,8.54,34.04,5.28,5.0,
9499,Miscelâneas,Uísque,250.0,0.0,0.1,0.0,0.0,
9500,Frutas e derivados,Uva passa,300.0,3.23,79.0,0.46,3.47,
9501,"Verduras, hortaliças e derivados",Vagem (cozida),35.0,1.9,7.9,0.28,3.2,
9502,Miscelâneas,Vatapá (leve),126.0,8.5,9.4,6.2,0.5,
9503,Produtos açucarados,Vermouth doce,153.0,0.2,11.8,0.0,0.0,
9504,Miscelâneas,Vermouth seco,120.0,0.1,5.5,0.0,0.0,
9505,Temperos,Vinagre,14.0,0.0,5.91,0.0,0.0,
9506,Bebidas (alcoólicas e não alcoólicas),Vinho branco,66.4,0.1,0.61,0.0,0.0,
9507,Bebidas (alcoólicas e não alcoólicas),Vinho rosé,71.0,0.2,0.0,0.4,0.0,
9508,Bebidas (alcoólicas e não alcoólicas),Vinho tinto,72.0,0.2,0.0,0.7,0.0,
9509,Miscelâneas,Vitela assada,160.0,27.7,0.0,4.66,0.0,
9510,Miscelâneas,Xinxim de galinha,297.52,20.41,20.41,23.73,0.0,
9511,Leite e derivados,Yakult,75.0,2.06,15.48,0.25,,
9512,"Verduras, hortaliças e derivados",Abóbora moranga (cozida),19.99,0.73,4.88,0.08,0.92,
9513,Bebidas (alcoólicas e não alcoólicas),Água,0.0,0.0,0.0,0.0,0.0,
9514,Miscelâneas,Broto de bambu (cru),27.0,2.61,5.21,0.3,2.2,
9515,Produtos açucarados,Café com açúcar (infusão),37.21,0.3,9.08,0.01,0.0,
9516,"Verduras, hortaliças e derivados",Carambola,33.0,0.54,7.84,0.35,2.7,
9517,Carnes e derivados,Carne bovina magra (crua),175.18,29.03,0.0,5.72,0.0,
9518,Carnes e derivados,Carne moída (crua),292.5,27.25,0.0,19.53,0.0,
9519,Outros alimentos industrializados,Catchup (Ketchup),104.0,0.53,27.3,0.36,1.3,
9520,Cereais e derivados,Cereal matinal (Nescau),390.0,4.2,86.3,3.2,1.7,
9521,Leite e derivados,Churros com doce de leite,322.08,5.62,43.58,14.45,0.38,
9522,Leite e derivados,Creme de leite light,171.0,3.5,5.5,15.0,,
9523,Leite e derivados,Danette (Danone),139.0,4.5,22.4,3.4,,
9524,Produtos açucarados,Doce de batata doce,406.0,4.4,73.8,12.3,,
9525,Leguminosas e derivados,Ervilha seca (cozida),81.0,5.32,14.42,0.47,1.11,
9526,Leguminosas e derivados,Feijão branco (cozido),142.0,8.98,25.8,0.64,7.88,
9527,Leguminosas e derivados,Feijão cozido (só caldo),11.1,0.61,1.51,0.29,0.76,
9528,Leguminosas e derivados,Feijão cozido (só grãos),111.0,6.08,15.1,2.91,7.65,
9529,Carnes e derivados,Fígado bovino frito,226.89,25.43,7.97,9.73,0.03,
9530,Miscelâneas,Fruta do conde,96.0,1.6,24.6,0.2,1.6,
9531,Leguminosas e derivados,Grão de bico (cozido),164.0,8.87,27.4,2.6,4.9,
9532,Carnes e derivados,Lingüiça de porco cozida,369.0,19.7,1.04,31.2,0.0,
9533,Outros alimentos industrializados,Maionese Hellmann's,713.3,1.33,0.0,0.33,,
9534,"Verduras, hortaliças e derivados",Mandioca,120.0,3.11,26.9,0.39,1.65,
9535,Carnes e derivados,Miolo bovino (cru),128.27,10.4,0.0,9.63,0.0,
9536,"Verduras, hortaliças e derivados",Molho de tomate tradicional,53.0,,8.5,1.5,,
9537,Ovos e derivados,Ovo de pata inteiro,185.0,12.8,0.0,0.46,0.0,
9538,Cereais e derivados,Pão de forma,330.4,9.25,66.07,2.99,,
9539,Carnes e derivados,Picanha sem capa de gordura (crua),195.98,31.6,0.0,6.8,0.0,
9540,"Verduras, hortaliças e derivados",Pimentão verde (cozido),28.0,0.92,6.71,0.2,,
9541,Produtos açucarados,Pimentão vermelho (cozido),28.0,0.92,6.7,0.0,1.2,
9542,Carnes e derivados,Rim bovino (cru),86.0,15.7,0.0,2.6,0.0,
9543,Leite e derivados,Rocambole recheio de doce de leite,290.22,6.09,56.3,4.99,0.42,
9544,Leguminosas e derivados,Salada de fava,146.32,3.73,0.0,0.0,2.78,
9545,Produtos açucarados,Suco de fruta com açúcar,55.05,11.0,14.14,0.12,0.34,
9546,Produtos açucarados,Suco de fruta sem açúcar,28.02,0.54,6.3,0.38,0.2,
9547,Carnes e derivados,Carne bovina assada (Patinho),270.97,25.99,0.47,17.55,0.08,
9548,"Verduras, hortaliças e derivados",Couve (cozida),32.0,1.91,5.64,0.4,2.0,
9549,Carnes e derivados,Coxa de frango sem pele (assada),199.05,24.39,0.71,10.24,0.16,
9550,Leguminosas e derivados,Feijão (cru),337.0,22.5,61.3,1.07,19.1,
9551,Carnes e derivados,Lagarto (carne bovina crua),175.18,29.03,0.0,5.72,0.0,
9552,Cereais e derivados,Milho verde,129.0,3.3,27.8,0.8,1.5,
9554,Carnes e derivados,Patinho (carne bovina crua),185.19,28.73,0.0,6.92,0.0,
9555,Carnes e derivados,Peito de frango sem pele (cru),110.0,23.1,0.0,1.25,0.0,
9556,Leite e derivados,Pudim de leite condensado,216.1,6.57,34.0,6.35,0.0,
9557,Carnes e derivados,Sobrecoxa de frango cozida sem pele,173.56,,1.38,9.82,,
9558,Carnes e derivados,Sobrecoxa de frango assada sem pele,201.44,24.82,0.38,0.0,0.06,
