page,name,kcal,carbs_g,fat_g,protein_g,fiber_g,suspect,taco_match,taco_similarity
10,Abóbora moranga (cozida),19.99,4.88,0.08,0.73,0.92,False,"Abóbora, cabotian, cozida",0.5
12,Água,0.0,0.0,0.0,0.0,0.0,False,"Coco, água de",0.5
29,Broto de bambu (cru),27.0,5.21,0.3,2.61,2.2,False,"Feijão, broto, cru",0.5
29,Café com açúcar (infusão),37.21,9.08,0.01,0.3,0.0,False,"Café, infusão 10%",0.5
31,Carambola,33.0,7.84,0.35,0.54,2.7,False,"Carambola, crua",0.5
31,Carne bovina magra (crua),175.18,0.0,5.72,29.03,0.0,False,"Carne, bovina, costela, crua",0.5
32,Carne moída (crua),292.5,0.0,19.53,27.25,0.0,False,"Carne, bovina, costela, crua",0.4
32,Catchup (Ketchup),104.0,27.3,0.36,0.53,1.3,False,"Tomate, molho industrializado",0.5
33,Cereal matinal (Nescau),390.0,86.3,3.2,4.2,1.7,False,"Cereal matinal, milho",0.4
38,Churros com doce de leite,322.08,43.58,14.45,5.62,0.38,False,"Doce, de leite, cremoso",0.5
42,Creme de leite light ,171.0,5.5,15.0,3.5,,False,Creme de Leite,0.5
44,Danette (Danone),139.0,22.4,3.4,4.5,,False,"Doce, de leite, cremoso",0.4
45,Doce de batata doce,406.0,73.8,12.3,4.4,,False,"Batata, doce, cozida",0.5
46,Ervilha seca (cozida),81.0,14.42,0.47,5.32,1.11,False,"Carne, bovina, seca, cozida",0.4
49,Feijão branco (cozido),142.0,25.8,0.64,8.98,7.88,False,"Feijão, carioca, cozido",0.5
49,Feijão cozido (só caldo),11.1,1.51,0.29,0.61,0.76,False,"Feijão, carioca, cozido",0.4
49,Feijão cozido (só grãos),111.0,15.1,2.91,6.08,7.65,False,"Feijão, carioca, cozido",0.4
50,Fígado bovino frito,226.89,7.97,9.73,25.43,0.03,False,"Hambúrguer, bovino, frito",0.5
52,Fruta do conde,96.0,24.6,0.2,1.6,1.6,False,Fruta,0.5
54,Grão de bico (cozido),164.0,27.4,2.6,8.87,4.9,False,"Grão-de-bico, cru",0.5
67,Lingüiça de porco cozida,369.0,1.04,31.2,19.7,0.0,False,"Lingüiça, porco, crua",0.5
69,Maionese Hellmann's,713.3,,0.33,1.33,,False,"Maionese, tradicional com ovos",0.4
70,Mandioca,120.0,26.9,0.39,3.11,1.65,False,"Fécula, de mandioca",0.5
74,Miolo bovino (cru),128.27,0.0,9.63,10.4,0.0,False,"Hambúrguer, bovino, cru",0.5
76,Molho de tomate tradicional,53.0,8.5,1.5,,,False,"Tomate, molho industrializado",0.5
82,Ovo de pata inteiro,185.0,,0.46,12.8,0.0,False,"Ovo, de codorna, inteiro, cru",0.4
83,Pão de forma,330.4,66.07,2.99,9.25,,False,"Pão, aveia, forma",0.4
88,Picanha sem capa de gordura (crua),195.98,0.0,6.8,31.6,0.0,False,"Carne, bovina, picanha, com gordura, crua",0.5
88,Pimentão verde (cozido),28.0,6.71,0.2,0.92,,False,"Pimentão, verde, cru",0.5
88,Pimentão vermelho (cozido),28.0,6.7,,0.92,1.2,False,"Pimentão, vermelho, cru",0.5
98,Rim bovino (cru),86.0,0.0,2.6,15.7,0.0,False,"Hambúrguer, bovino, cru",0.5
99,Rocambole recheio de doce de leite,290.22,56.3,4.99,6.09,0.42,False,"Doce, de leite, cremoso",0.4
99,Salada de fava,146.32,,,3.73,2.78,False,Salada,0.5
112,Suco de fruta com açúcar,55.05,14.14,0.12,11.0,0.34,False,Suco de laranja sem açúcar,0.5
114,Suco de fruta sem açúcar,28.02,6.3,0.38,0.54,0.2,False,Suco de laranja sem açúcar,0.5
